Id,Nombre,Raza,Edad
1,Markus,Female,13
2,Paxton,Agender,1
3,Wendye,Female,8
4,Katharine,Polygender,3
5,Minerva,Bigender,7
6,Maxie,Non-binary,11
7,Fernando,Female,6
8,Roi,Bigender,3
9,Lilian,Polygender,13
10,Silvanus,Genderfluid,8
11,Vinny,Agender,6
12,Taylor,Agender,11
13,Michelle,Agender,2
14,Patti,Male,10
15,Agace,Bigender,17
16,Maggie,Genderqueer,4
17,Delila,Bigender,21
18,Ike,Bigender,30
19,Yehudi,Bigender,20
20,Bourke,Male,15
21,Jacquelyn,Polygender,19
22,Aridatha,Male,23
23,Chanda,Polygender,4
24,Lanna,Polygender,22
25,Lu,Non-binary,10
26,Flint,Genderqueer,7
27,Sonny,Male,29
28,Gaspard,Male,30
29,Denys,Female,25
30,Alex,Genderqueer,14
31,Quinn,Female,20
32,Farly,Non-binary,28
33,Eugene,Genderqueer,10
34,Jacquelyn,Agender,12
35,Arley,Non-binary,10
36,Bud,Polygender,5
37,Catrina,Polygender,8
38,Chrotoem,Agender,23
39,Kennith,Genderfluid,2
40,Selle,Non-binary,5
41,Zitella,Agender,28
42,Gusella,Genderfluid,14
43,Ignace,Genderfluid,1
44,Olav,Male,7
45,Lorelei,Non-binary,25
46,Gram,Non-binary,14
47,Ada,Male,29
48,Evvy,Female,29
49,Lorne,Male,18
50,Eugenia,Male,19
51,Batsheva,Non-binary,25
52,Casey,Agender,6
53,Igor,Agender,28
54,Raynard,Male,6
55,Laney,Genderqueer,9
56,Gilli,Genderqueer,6
57,Forest,Genderqueer,6
58,Gabby,Male,29
59,Nealon,Male,5
60,Holmes,Genderqueer,1
61,Hedda,Genderfluid,22
62,Reynold,Non-binary,13
63,Daisie,Female,7
64,Lissie,Genderfluid,24
65,Cornie,Female,23
66,Erin,Genderqueer,21
67,Dallas,Bigender,18
68,Brendis,Female,27
69,Tiffie,Agender,6
70,Rosie,Bigender,21
71,Tedra,Female,11
72,Stephen,Agender,10
73,Camille,Female,5
74,Krystal,Female,14
75,Danica,Bigender,27
76,Jolie,Male,10
77,Isacco,Polygender,7
78,April,Female,23
79,Heall,Bigender,10
80,Lief,Bigender,26
81,Rafaelia,Genderfluid,24
82,Germain,Male,1
83,Evanne,Genderqueer,24
84,Keeley,Agender,6
85,Alexina,Non-binary,20
86,Herby,Male,19
87,Winonah,Polygender,21
88,Arther,Bigender,5
89,Anna-diana,Male,23
90,Ezmeralda,Bigender,26
91,Pincus,Genderfluid,10
92,Andrey,Genderqueer,23
93,Janis,Genderfluid,1
94,Avrit,Agender,1
95,Benedick,Genderfluid,3
96,Lisette,Genderfluid,18
97,Gannon,Polygender,27
98,Thaxter,Male,28
99,Corny,Female,14
100,Pen,Genderqueer,15
101,Konstantine,Bigender,3
102,Aube,Bigender,7
103,Regan,Polygender,7
104,Sondra,Genderfluid,7
105,Beatrisa,Non-binary,29
106,Chanda,Agender,27
107,Dennie,Agender,7
108,Viviene,Female,7
109,Conchita,Non-binary,11
110,Lyon,Female,10
111,Margeaux,Agender,10
112,Gates,Polygender,25
113,Dewitt,Female,25
114,Care,Agender,2
115,Vilma,Genderfluid,10
116,Paton,Agender,13
117,Jennie,Bigender,14
118,Jonathon,Bigender,24
119,Niles,Polygender,22
120,Mic,Genderqueer,27
121,Garry,Female,4
122,Minor,Polygender,29
123,Kleon,Genderfluid,13
124,Ladonna,Genderfluid,16
125,Teddy,Polygender,8
126,Mersey,Genderqueer,25
127,Denys,Genderfluid,8
128,Arch,Male,18
129,Antonietta,Polygender,7
130,Simona,Male,5
131,Bobinette,Bigender,15
132,Herb,Genderfluid,27
133,Felipa,Non-binary,8
134,Haily,Polygender,18
135,Davis,Female,4
136,Glynn,Genderfluid,11
137,Arden,Bigender,19
138,Adams,Female,23
139,Mead,Genderfluid,4
140,Jocelin,Female,10
141,Darsey,Female,22
142,Fawnia,Agender,6
143,Zachariah,Polygender,14
144,Carr,Agender,4
145,Astra,Genderqueer,29
146,Sherye,Non-binary,2
147,Maximilian,Bigender,1
148,Martie,Polygender,1
149,Freddie,Genderfluid,22
150,Beverie,Female,18
151,Brena,Agender,28
152,Ted,Genderfluid,8
153,Moira,Genderqueer,7
154,Lombard,Male,5
155,Emmy,Genderfluid,30
156,Ezri,Genderfluid,22
157,Nester,Bigender,27
158,Pearla,Non-binary,11
159,Hollyanne,Female,10
160,Kandace,Non-binary,22
161,Mayne,Polygender,6
162,Zane,Genderqueer,27
163,Georgia,Polygender,19
164,Jard,Genderfluid,2
165,Barton,Genderqueer,29
166,Merwyn,Genderfluid,1
167,Cinnamon,Polygender,20
168,Padget,Bigender,13
169,Atlanta,Genderfluid,19
170,Gibb,Non-binary,16
171,Ira,Male,1
172,Fin,Male,22
173,Pail,Genderqueer,25
174,Yvonne,Polygender,3
175,Dniren,Agender,17
176,Conant,Female,21
177,Boyce,Male,16
178,Josselyn,Non-binary,23
179,Haley,Agender,12
180,Humfrid,Bigender,4
181,Che,Genderfluid,3
182,Hort,Bigender,29
183,Gladys,Non-binary,12
184,Creigh,Female,23
185,Calypso,Male,25
186,Annabell,Agender,1
187,Vernon,Female,5
188,Edlin,Polygender,8
189,Aindrea,Agender,10
190,Grannie,Polygender,11
191,Ann-marie,Female,2
192,Cyrill,Genderqueer,21
193,Bartholomeus,Non-binary,6
194,Ron,Agender,22
195,Nickey,Non-binary,14
196,Lola,Female,16
197,Kylen,Male,24
198,Lyndy,Male,16
199,Garrot,Genderqueer,30
200,Bette,Genderqueer,26
201,Elianora,Female,22
202,Farrell,Female,12
203,Merrile,Non-binary,15
204,Joannes,Genderfluid,29
205,Ephrem,Male,11
206,Sebastian,Male,8
207,Pat,Genderfluid,11
208,Bertram,Female,28
209,Oliver,Female,4
210,Inge,Bigender,14
211,Tynan,Bigender,5
212,Marcia,Genderfluid,30
213,Lucretia,Male,21
214,Annaliese,Polygender,30
215,Diann,Female,21
216,Cort,Genderfluid,16
217,Latisha,Non-binary,27
218,Zack,Polygender,30
219,Collete,Male,30
220,Allen,Female,7
221,Isa,Genderfluid,17
222,Harmonia,Polygender,16
223,Omero,Non-binary,10
224,Ellynn,Female,21
225,Candide,Genderqueer,9
226,Lynett,Genderqueer,8
227,Normie,Bigender,13
228,Sylas,Bigender,11
229,Jackie,Polygender,23
230,Clemens,Male,11
231,Hakeem,Polygender,17
232,Elsi,Male,30
233,Gonzalo,Polygender,4
234,Englebert,Non-binary,11
235,Grover,Genderqueer,18
236,Stormi,Non-binary,15
237,Almira,Genderqueer,9
238,Robbin,Male,22
239,Suzanna,Bigender,30
240,Gav,Bigender,30
241,Therese,Female,20
242,Lorri,Genderfluid,28
243,Linnell,Bigender,8
244,Maddalena,Genderfluid,27
245,Alvinia,Genderfluid,10
246,Chalmers,Non-binary,25
247,Brander,Genderqueer,27
248,Beatrice,Genderqueer,18
249,Meris,Male,2
250,Lisha,Genderfluid,7
251,Cornelle,Non-binary,23
252,Lew,Non-binary,4
253,Archer,Bigender,28
254,Sammy,Male,6
255,Ariana,Female,23
256,Micheil,Male,20
257,Noel,Genderqueer,5
258,Willard,Agender,17
259,Clarabelle,Male,29
260,Jessie,Agender,11
261,Fair,Genderfluid,29
262,Alma,Agender,22
263,Vinny,Genderqueer,23
264,Cordie,Bigender,13
265,Erin,Agender,21
266,Flossi,Polygender,11
267,Skell,Male,25
268,Cecilla,Male,3
269,Lezlie,Genderfluid,27
270,Robinette,Male,8
271,Lydon,Genderfluid,30
272,Myrtice,Genderfluid,2
273,Joycelin,Genderfluid,15
274,Fayth,Polygender,17
275,Ferrell,Non-binary,25
276,Nikkie,Male,8
277,Ninette,Non-binary,10
278,Boyd,Agender,20
279,Garfield,Agender,19
280,Gena,Bigender,4
281,Antoine,Non-binary,7
282,Thomasin,Non-binary,29
283,Aridatha,Genderqueer,6
284,Sherwin,Agender,29
285,Archy,Non-binary,10
286,Mehetabel,Non-binary,2
287,Jolene,Female,15
288,Lamar,Female,28
289,Garey,Female,11
290,Anders,Polygender,19
291,Adolph,Non-binary,25
292,Marlowe,Genderfluid,21
293,Dorelia,Female,22
294,Dallis,Polygender,9
295,Jazmin,Male,15
296,Ramon,Male,24
297,Teddy,Male,8
298,Juliane,Genderqueer,25
299,Stacy,Bigender,24
300,Isiahi,Genderqueer,22
301,Alyda,Genderfluid,1
302,Diane-marie,Genderqueer,17
303,Doralia,Non-binary,16
304,Cchaddie,Genderqueer,10
305,Brandais,Bigender,26
306,Ivor,Genderqueer,21
307,Lindsey,Non-binary,16
308,Carlo,Male,13
309,Nobe,Non-binary,28
310,Sheilakathryn,Bigender,13
311,Arlyn,Bigender,9
312,Broddie,Agender,24
313,Mufinella,Genderqueer,12
314,Delphine,Genderfluid,15
315,Sib,Polygender,12
316,Boonie,Polygender,30
317,Dominik,Female,7
318,Penelope,Genderqueer,15
319,Bethanne,Non-binary,19
320,Dode,Bigender,17
321,Nellie,Polygender,3
322,Bryan,Genderfluid,23
323,Maddalena,Polygender,5
324,Irwin,Female,7
325,Imojean,Non-binary,25
326,Bonnie,Non-binary,4
327,Margi,Agender,20
328,Hanni,Male,11
329,Taffy,Polygender,23
330,Brig,Genderfluid,1
331,Barb,Agender,1
332,Micky,Polygender,24
333,Ashley,Agender,19
334,Ashley,Genderqueer,30
335,Cherin,Non-binary,3
336,Armin,Male,8
337,Nathan,Agender,13
338,Ellsworth,Polygender,6
339,Linzy,Non-binary,26
340,Alessandro,Genderqueer,30
341,Genni,Female,2
342,Augustine,Genderqueer,21
343,Glyn,Genderqueer,30
344,Chrisy,Polygender,9
345,Drusi,Agender,28
346,Sibelle,Polygender,4
347,Kellie,Genderqueer,2
348,Saloma,Genderfluid,1
349,Theobald,Female,19
350,Mariam,Polygender,6
351,Lorine,Male,5
352,Lusa,Genderfluid,13
353,Berton,Female,26
354,Neall,Genderfluid,4
355,Evvy,Male,16
356,Tiertza,Non-binary,15
357,Stacee,Polygender,2
358,Julianne,Male,11
359,Robbyn,Female,5
360,Beau,Agender,20
361,Daryl,Genderfluid,1
362,Christiane,Female,7
363,Etan,Male,7
364,Agatha,Polygender,15
365,Saw,Bigender,10
366,Orelee,Genderqueer,8
367,Zorana,Male,19
368,Cliff,Polygender,26
369,Korie,Non-binary,9
370,Hershel,Polygender,9
371,Laurella,Genderqueer,11
372,Danyelle,Non-binary,19
373,Eilis,Polygender,19
374,Byran,Genderqueer,12
375,Linnet,Genderqueer,6
376,Davina,Bigender,9
377,Bengt,Male,3
378,Valeda,Genderfluid,17
379,Weylin,Polygender,13
380,Bambie,Male,8
381,Margit,Agender,19
382,Gibbie,Bigender,18
383,Turner,Female,23
384,Keith,Polygender,8
385,Agace,Polygender,20
386,Darbee,Bigender,26
387,Ermanno,Non-binary,25
388,Bili,Bigender,20
389,Zelda,Non-binary,10
390,Rebeca,Polygender,24
391,Jaclin,Female,4
392,Urbain,Female,16
393,Frans,Male,17
394,Renelle,Genderfluid,20
395,Connie,Non-binary,6
396,Jeramey,Agender,18
397,Monte,Non-binary,1
398,Elwood,Male,27
399,Sapphira,Genderqueer,28
400,Elena,Polygender,18
401,Aluin,Polygender,21
402,Bonny,Male,24
403,Algernon,Female,21
404,Lawrence,Male,17
405,Ann,Female,10
406,Duffie,Bigender,2
407,Avrom,Bigender,27
408,Ainslie,Genderfluid,12
409,Nancey,Agender,1
410,Lothaire,Female,26
411,Tallie,Genderfluid,24
412,Hedda,Bigender,24
413,Sumner,Genderqueer,15
414,Niall,Polygender,5
415,Angie,Male,24
416,Brigitte,Bigender,2
417,Annette,Genderfluid,9
418,Early,Genderqueer,5
419,Page,Non-binary,10
420,Talbot,Bigender,2
421,Anstice,Genderfluid,27
422,Jasmina,Genderfluid,8
423,Maggie,Non-binary,24
424,Aldous,Agender,10
425,Krisha,Male,15
426,Stacie,Genderqueer,20
427,Immanuel,Female,22
428,Hadleigh,Genderqueer,15
429,Gayla,Genderfluid,24
430,Ardath,Male,30
431,Ardith,Polygender,5
432,Avery,Non-binary,13
433,Jenda,Male,10
434,Meriel,Genderfluid,18
435,Adelheid,Bigender,25
436,Bonnie,Polygender,8
437,Hilario,Female,9
438,Gratia,Female,27
439,Gennifer,Genderqueer,11
440,Yank,Genderqueer,13
441,Kain,Polygender,26
442,Erie,Agender,5
443,Christen,Agender,22
444,Joya,Female,16
445,Cathyleen,Non-binary,2
446,Riordan,Agender,16
447,Janek,Genderfluid,12
448,Tildi,Bigender,19
449,Auberon,Female,28
450,Demetrius,Polygender,1
451,Ardisj,Genderqueer,21
452,Brody,Genderqueer,3
453,Theo,Non-binary,27
454,Bernadene,Polygender,24
455,Andie,Agender,18
456,Hurleigh,Genderfluid,5
457,Harmonia,Non-binary,2
458,Jeane,Genderqueer,2
459,Amii,Bigender,6
460,Salome,Male,20
461,Neddy,Agender,21
462,Bobette,Polygender,11
463,Coleen,Agender,17
464,Taryn,Genderfluid,16
465,Law,Male,3
466,Jeffrey,Male,5
467,Isabel,Male,12
468,Lolita,Female,29
469,Shelley,Agender,21
470,Sherrie,Agender,5
471,Neila,Genderfluid,19
472,Giraud,Polygender,9
473,Kristos,Female,25
474,Jeanne,Bigender,30
475,Haley,Non-binary,5
476,Tommi,Genderqueer,22
477,Niven,Agender,19
478,Aymer,Genderqueer,29
479,Earle,Female,4
480,Karilynn,Male,18
481,Sidonia,Genderfluid,6
482,Britt,Genderqueer,22
483,Cynthia,Bigender,19
484,Heidie,Bigender,29
485,Geoffrey,Non-binary,19
486,Eden,Male,15
487,Olga,Genderqueer,18
488,Filip,Male,20
489,Wendall,Polygender,16
490,Breena,Non-binary,12
491,Darb,Agender,29
492,Wilone,Male,24
493,Bev,Agender,4
494,Diannne,Male,20
495,Gianna,Genderfluid,15
496,Burnaby,Agender,1
497,Lawton,Genderqueer,25
498,Benson,Genderfluid,10
499,Kiley,Non-binary,20
500,Nickolas,Polygender,4
501,Rayner,Female,7
502,Micheline,Bigender,28
503,Brocky,Agender,28
504,Jacob,Female,11
505,Jereme,Male,3
506,Jaclyn,Genderqueer,6
507,Karlee,Male,12
508,Sherwood,Female,7
509,Abbot,Non-binary,30
510,Torin,Non-binary,3
511,Muriel,Non-binary,12
512,Minni,Bigender,11
513,Roddie,Polygender,29
514,Nev,Non-binary,29
515,Percival,Male,20
516,Shurlock,Bigender,16
517,Kit,Female,11
518,Elnar,Female,11
519,Wilona,Bigender,18
520,Sibeal,Genderfluid,7
521,Mort,Male,28
522,Wit,Male,3
523,Vevay,Female,6
524,Sonia,Genderqueer,23
525,Olivero,Bigender,28
526,Stevie,Male,2
527,Karla,Male,7
528,Ike,Genderfluid,4
529,Wandie,Male,3
530,Raphaela,Bigender,6
531,Yoko,Female,24
532,Petronella,Non-binary,28
533,Catharine,Agender,20
534,Perrine,Genderfluid,12
535,Trenton,Agender,12
536,Ossie,Female,3
537,Norrie,Genderqueer,17
538,Eilis,Female,7
539,Adena,Male,16
540,Angelika,Female,8
541,Ninnetta,Polygender,12
542,Gorden,Bigender,17
543,Anna-diane,Genderfluid,13
544,Ethan,Polygender,18
545,Dena,Agender,12
546,Fayth,Male,24
547,Alexis,Agender,26
548,Janos,Genderqueer,20
549,Yolanda,Genderfluid,30
550,Andrey,Polygender,22
551,Lovell,Genderqueer,11
552,Allianora,Polygender,18
553,Skyler,Male,2
554,Karisa,Genderqueer,9
555,Lanie,Bigender,15
556,Elvis,Genderfluid,5
557,Britte,Bigender,8
558,Rowena,Bigender,18
559,Norry,Polygender,2
560,Libbey,Non-binary,25
561,Clem,Polygender,4
562,Averell,Female,13
563,Carly,Polygender,4
564,Sancho,Genderfluid,29
565,Marleah,Genderqueer,14
566,Caleb,Agender,19
567,Rogerio,Agender,16
568,Marcy,Male,26
569,Ernaline,Agender,27
570,Kelli,Male,7
571,Julietta,Bigender,4
572,Shelton,Agender,24
573,Melva,Polygender,15
574,Eloise,Agender,21
575,Iver,Genderqueer,9
576,Fayth,Female,11
577,Udell,Non-binary,25
578,Howard,Genderfluid,29
579,Lauraine,Genderfluid,1
580,Durante,Male,25
581,Monte,Non-binary,12
582,Ariana,Non-binary,1
583,Bondon,Female,7
584,Maitilde,Female,24
585,Inness,Genderfluid,16
586,Koralle,Polygender,29
587,Garold,Genderqueer,21
588,Benjamen,Non-binary,25
589,Jacintha,Bigender,8
590,Orton,Non-binary,7
591,Ludovico,Bigender,15
592,Layne,Female,26
593,Beverley,Polygender,5
594,Laney,Genderqueer,24
595,Alexandrina,Genderfluid,20
596,Carlotta,Genderqueer,30
597,Shelly,Polygender,14
598,Norbert,Bigender,29
599,Brennen,Genderqueer,3
600,Audra,Genderqueer,13
601,Krissie,Genderqueer,22
602,Josey,Polygender,13
603,Olivero,Non-binary,22
604,Gabriellia,Polygender,11
605,Ranna,Non-binary,8
606,Aigneis,Male,8
607,Tamra,Bigender,20
608,Shaylyn,Agender,28
609,Jamie,Genderfluid,12
610,Cally,Polygender,5
611,Wilbur,Genderfluid,9
612,Abram,Genderfluid,14
613,Dinnie,Female,25
614,Joyce,Genderqueer,20
615,Sybille,Genderqueer,24
616,Pearl,Genderqueer,24
617,Quinn,Bigender,13
618,Noelani,Genderqueer,28
619,Helaina,Non-binary,23
620,Alexandro,Bigender,2
621,Palm,Genderqueer,26
622,Mariam,Female,11
623,Mirilla,Polygender,26
624,Krystle,Agender,7
625,Addie,Female,3
626,Damiano,Genderqueer,18
627,Gwynne,Agender,16
628,Care,Bigender,8
629,Elisha,Polygender,30
630,Karrie,Bigender,30
631,Cyndie,Bigender,23
632,Augustina,Genderqueer,6
633,Chip,Genderfluid,21
634,Lilly,Male,17
635,Phoebe,Polygender,11
636,Randi,Female,25
637,Emilee,Female,23
638,Judye,Non-binary,28
639,Nikolas,Genderfluid,11
640,Adriano,Bigender,29
641,Bobbee,Genderfluid,24
642,Benji,Female,28
643,Joscelin,Genderqueer,19
644,Siobhan,Non-binary,9
645,Shelby,Agender,7
646,Candide,Male,3
647,Reggi,Agender,24
648,Archie,Male,21
649,Mella,Genderqueer,15
650,Danika,Polygender,15
651,Spenser,Genderfluid,17
652,Tristam,Polygender,8
653,Jordain,Polygender,8
654,Maximilien,Female,1
655,Almeta,Polygender,30
656,Martie,Agender,4
657,Deedee,Polygender,13
658,Trista,Polygender,1
659,Emiline,Genderqueer,2
660,Ruby,Female,27
661,Cammie,Bigender,16
662,Joane,Bigender,4
663,Xever,Bigender,10
664,Valery,Non-binary,16
665,Loy,Non-binary,9
666,Row,Female,15
667,Chere,Non-binary,16
668,Dirk,Male,19
669,Margarete,Genderfluid,15
670,Shayne,Non-binary,28
671,Homer,Genderfluid,1
672,Gerri,Genderfluid,24
673,Greg,Male,13
674,Jill,Genderqueer,16
675,Olivette,Bigender,15
676,Dosi,Agender,4
677,Sam,Polygender,14
678,Carolyne,Non-binary,2
679,Nola,Genderfluid,1
680,Dag,Genderqueer,9
681,Julian,Genderqueer,2
682,Valeda,Genderfluid,20
683,Kaleena,Female,2
684,Hilliard,Non-binary,27
685,Aurelie,Genderqueer,7
686,Stephani,Male,17
687,Benetta,Genderqueer,4
688,Blake,Non-binary,19
689,Udall,Bigender,19
690,Chico,Female,4
691,Alair,Male,28
692,Vilhelmina,Non-binary,24
693,Sianna,Genderqueer,24
694,Erek,Genderqueer,1
695,Fraser,Female,14
696,Morgun,Genderqueer,6
697,Jeremy,Female,22
698,Quintus,Male,11
699,Caitlin,Non-binary,8
700,Lucie,Genderfluid,24
701,Caryn,Non-binary,19
702,Samson,Non-binary,15
703,Sonja,Polygender,28
704,Harman,Agender,22
705,Michaelina,Bigender,12
706,Vanessa,Non-binary,24
707,Nicolea,Male,20
708,Balduin,Polygender,9
709,Norina,Female,2
710,Ardyth,Bigender,10
711,Tobit,Non-binary,9
712,Ottilie,Bigender,5
713,Gerrie,Genderqueer,18
714,Flossi,Female,1
715,Evangeline,Agender,22
716,Vidovic,Agender,16
717,Lurline,Male,6
718,Rosamund,Non-binary,21
719,Alexandros,Genderqueer,14
720,Linn,Female,25
721,Tiena,Agender,10
722,Shandeigh,Male,15
723,Lucho,Genderqueer,15
724,Orazio,Bigender,7
725,Antonella,Genderqueer,2
726,Sullivan,Male,15
727,Nick,Agender,4
728,Genvieve,Genderqueer,4
729,Kerianne,Non-binary,29
730,Cecily,Male,8
731,Sarena,Non-binary,7
732,Shermy,Agender,26
733,Codee,Non-binary,27
734,Ted,Polygender,7
735,Elene,Female,5
736,Winna,Genderfluid,8
737,Yalonda,Female,17
738,Marc,Male,13
739,Ebonee,Agender,20
740,Heath,Non-binary,30
741,Wendeline,Genderqueer,9
742,Kerianne,Female,8
743,Fabe,Bigender,16
744,Aeriel,Non-binary,29
745,Jillane,Non-binary,6
746,Wright,Polygender,28
747,Hamilton,Bigender,9
748,Alikee,Non-binary,21
749,Ardyth,Bigender,5
750,Marijn,Bigender,16
751,Englebert,Non-binary,26
752,Sherm,Male,4
753,Arnold,Genderfluid,25
754,Amil,Male,6
755,Ardeen,Agender,16
756,Norina,Bigender,12
757,Waite,Polygender,28
758,Gard,Genderfluid,22
759,Kimbra,Bigender,16
760,Nathanil,Genderqueer,16
761,Myranda,Non-binary,17
762,Erika,Genderfluid,26
763,Annaliese,Agender,30
764,Brian,Bigender,11
765,Linette,Polygender,25
766,Greta,Male,28
767,Emanuele,Male,15
768,Tommie,Agender,6
769,Estell,Bigender,30
770,Roderick,Bigender,5
771,Juliann,Polygender,1
772,Lynne,Agender,24
773,Brooks,Bigender,23
774,Niccolo,Male,14
775,Melloney,Polygender,17
776,Marne,Female,3
777,Guenevere,Polygender,1
778,Mackenzie,Bigender,16
779,Aguste,Non-binary,13
780,Rhodie,Agender,10
781,Viviene,Agender,5
782,Pammi,Non-binary,14
783,Cal,Non-binary,27
784,Jodi,Non-binary,6
785,Constantine,Agender,9
786,Cornelia,Agender,9
787,Batholomew,Non-binary,25
788,Noreen,Agender,4
789,Moselle,Polygender,6
790,Andras,Genderfluid,28
791,Elvira,Female,23
792,Daron,Female,13
793,Amabelle,Genderfluid,25
794,Jacquelyn,Non-binary,11
795,Ezri,Female,7
796,Jarred,Agender,18
797,Tessa,Polygender,11
798,Gianna,Agender,23
799,Tobin,Non-binary,2
800,Hernando,Non-binary,20
801,Baldwin,Non-binary,22
802,Carmelia,Genderfluid,10
803,Nixie,Bigender,28
804,Caron,Male,8
805,Corabelle,Genderfluid,24
806,Bogey,Male,30
807,Jillana,Bigender,19
808,Cash,Polygender,10
809,Eadmund,Agender,22
810,Zak,Genderqueer,16
811,Franchot,Agender,9
812,Ninnette,Non-binary,12
813,Garald,Bigender,8
814,Durand,Non-binary,16
815,Noelle,Non-binary,30
816,Merridie,Genderfluid,12
817,Clare,Female,23
818,Ev,Genderqueer,27
819,Sayer,Bigender,24
820,Bobbye,Male,8
821,Tasia,Genderfluid,2
822,Lisle,Male,29
823,Hillary,Bigender,12
824,Anastasie,Non-binary,30
825,Linus,Male,18
826,Sarge,Male,25
827,Horatia,Non-binary,12
828,Elsworth,Male,23
829,Georgi,Agender,28
830,Anastassia,Agender,8
831,Earlie,Male,27
832,Baird,Genderqueer,17
833,Genny,Non-binary,9
834,Susie,Genderfluid,29
835,Cory,Bigender,25
836,Celka,Male,25
837,Kasey,Bigender,8
838,Tisha,Female,20
839,Lenna,Polygender,23
840,Rea,Non-binary,13
841,Yance,Genderqueer,11
842,Antonia,Genderqueer,3
843,Doretta,Genderqueer,30
844,Lorant,Bigender,15
845,Merle,Non-binary,14
846,Benjie,Polygender,17
847,Una,Genderfluid,18
848,Radcliffe,Genderqueer,2
849,Sadye,Bigender,8
850,Rosamund,Non-binary,21
851,Oona,Bigender,6
852,Grove,Agender,25
853,Alayne,Bigender,30
854,Thibaud,Non-binary,11
855,Mollie,Agender,19
856,Xymenes,Polygender,16
857,Lorinda,Genderfluid,13
858,Malinde,Genderqueer,20
859,Coop,Female,11
860,Klemens,Male,5
861,Jaine,Male,1
862,Gayle,Female,8
863,Suzy,Bigender,3
864,Kandace,Genderqueer,17
865,Sarajane,Female,7
866,Cynde,Female,4
867,Neils,Polygender,22
868,Sonya,Agender,5
869,Teodora,Genderqueer,14
870,Marin,Agender,4
871,Laurice,Male,26
872,Samaria,Non-binary,23
873,Tatum,Female,15
874,Hillier,Female,26
875,Sadella,Bigender,16
876,Aylmer,Non-binary,9
877,Fayth,Genderfluid,20
878,Carolyn,Bigender,29
879,Odell,Non-binary,2
880,Ariana,Male,11
881,Ossie,Polygender,12
882,Hans,Polygender,10
883,Marylin,Non-binary,13
884,Michael,Male,15
885,Susannah,Male,2
886,Patton,Genderqueer,15
887,Ekaterina,Genderqueer,9
888,Dante,Female,4
889,Halli,Polygender,23
890,Errol,Genderqueer,26
891,Anson,Male,12
892,Rafaelia,Genderfluid,9
893,Hedda,Female,11
894,Erick,Male,6
895,Kacey,Genderfluid,4
896,Teriann,Agender,7
897,Paige,Agender,12
898,Booth,Bigender,2
899,Juliette,Polygender,5
900,Stanley,Polygender,19
901,Adrea,Polygender,21
902,Greg,Male,1
903,Roth,Agender,6
904,Maurizio,Agender,27
905,Maridel,Non-binary,21
906,Kalvin,Bigender,11
907,Whitby,Male,1
908,Skip,Bigender,7
909,Spense,Polygender,14
910,Phip,Female,9
911,Rozamond,Bigender,8
912,Clayton,Male,17
913,Rollins,Bigender,20
914,Beryle,Genderfluid,12
915,Flynn,Genderfluid,30
916,Walt,Male,13
917,Gennie,Bigender,1
918,Ciel,Bigender,30
919,Dasya,Agender,7
920,Emmet,Genderfluid,23
921,Gustav,Male,22
922,Patricia,Male,5
923,Ty,Genderfluid,1
924,Kitti,Agender,29
925,Harmony,Bigender,12
926,Sigismondo,Bigender,26
927,Ricard,Genderfluid,7
928,Timothea,Non-binary,23
929,Hannis,Female,29
930,Morris,Male,28
931,Stevie,Male,28
932,Shirlee,Agender,25
933,Marti,Agender,3
934,Iolanthe,Polygender,25
935,Asia,Agender,23
936,Locke,Non-binary,17
937,Livvie,Bigender,12
938,Galven,Agender,30
939,Marjie,Agender,10
940,Frederico,Male,22
941,Livy,Genderqueer,26
942,Annadiana,Male,7
943,Theda,Bigender,26
944,Rockwell,Polygender,17
945,Marcia,Genderfluid,27
946,Wilhelmine,Polygender,29
947,Perry,Genderqueer,16
948,Madelene,Non-binary,24
949,Kiley,Male,6
950,Willette,Genderfluid,5
951,Benn,Non-binary,9
952,Becky,Polygender,21
953,Fletch,Female,30
954,Bab,Male,8
955,Terrel,Genderqueer,19
956,Jeromy,Bigender,19
957,Jodi,Agender,7
958,Melony,Genderfluid,17
959,Anastasia,Polygender,5
960,Octavius,Female,27
961,Ramon,Genderfluid,7
962,Madel,Genderfluid,12
963,Mackenzie,Genderfluid,18
964,Delmer,Genderqueer,17
965,Anatole,Bigender,12
966,Brannon,Genderqueer,26
967,Alvie,Polygender,3
968,Heddie,Genderqueer,1
969,Chane,Genderqueer,14
970,Lacee,Genderfluid,5
971,Shurlock,Female,13
972,Emelda,Female,25
973,Caitrin,Genderqueer,28
974,Marco,Female,25
975,Schuyler,Agender,21
976,Trudi,Female,3
977,Dorrie,Bigender,18
978,Boris,Polygender,2
979,Nariko,Polygender,28
980,Malinde,Genderqueer,23
981,Orelie,Genderqueer,30
982,Desi,Male,16
983,Rodrique,Non-binary,29
984,Winnie,Genderfluid,13
985,Penrod,Polygender,4
986,Malcolm,Female,7
987,Jacquelynn,Polygender,4
988,Frasquito,Female,21
989,Antone,Polygender,19
990,Melvin,Agender,23
991,Chandal,Polygender,4
992,Osgood,Genderqueer,9
993,Lay,Polygender,8
994,Flossi,Bigender,24
995,Oates,Bigender,30
996,Shelby,Polygender,25
997,Rahal,Bigender,25
998,Reba,Agender,16
999,Marlin,Agender,8
1000,Sandra,Polygender,2
